Country,2003,2004,2005,2006,2007,2008,2009,2010,2011,2012,2013,2014,2015,2016
    World,58.23258837,61.08645329,62.74673324,64.27966955,64.71194472,66.61965636,67.39271722,71.51639106,72.37883807,72.60241102,76.36698918,79.09507412,80.39559287,83.77435521
        Afghanistan,0.00671995,0.00600024,0.00625767,0.007792387,0.00947114,0.007906791,0.011515596,0.012693347,0.013447287,0.01750106,0.020291574,0.02147429,0.022417966,0.02479872
        Albania,0.054935017,0.054889212,0.054450533,0.051193701,0.036963096,0.045345994,0.055637508,0.071788454,0.050051237,0.054845992,0.069469336,0.055060114,0.059447961,0.065754712
        Algeria,0.004438286,0.004171968,0.008273829,0.005318928,0.006356025,0.006832138,0.009274942,0.011050245,0.017627776,0.01934655,0.012235157,0.010251108,0.006952502,0.006208059
        American Samoa,0,0,0,0,0,0,0,0,0,0,0,0,0,0
        Angola,0.012443625,0.017357728,0.021967803,0.026166322,0.024433248,0.030576962,0.02989488,0.035863056,0.038650248,0.035665968,0.045167094,0.04796844,0.047498943,0.05474576
        Antarctica,0,0,0.000019998,0.000019838,0.000019768,0.000019708,0.00003904,0.000039024,0.000038864,0.000009516,0.000009541,0.00000951,0.000009319,0.000009232
        Antigua and Barbuda,0,0,0,0,0,0,0,1.95E-06,0.000004858,0.000004758,5.72E-06,0.000005706,0.000046595,0.000055392
        Argentina,0.449515401,0.415958115,0.441273249,0.491044104,0.432466748,0.414329618,0.45244558,0.454045108,0.505107417,0.470739056,0.508466579,0.506688901,0.483630551,0.484565204
        Armenia,0.040263038,0.043099449,0.044143688,0.044970114,0.045578024,0.04406082,0.04624599,0.048785267,0.047585861,0.041366872,0.042005675,0.041580114,0.046269947,0.043991887
        Aruba,0,0,0,0,0,0,0.0002928,0.001035112,0.001102766,0.001303692,0.001459773,0.00153111,0.001686739,0.00133864
        Australia,0.180760516,0.177839371,0.19407435,0.20745971,0.190994651,0.162281822,0.171065957,0.197379055,0.235443571,0.228842107,0.286833798,0.322869124,0.289596282,0.327778514
        Austria,0.409139959,0.444098457,0.454823926,0.467288237,0.492823559,0.498626619,0.488556345,0.469251669,0.44557401,0.518537962,0.529329847,0.525253347,0.491241869,0.507394504
        Azerbaijan,0.030303648,0.031971012,0.033888245,0.027754511,0.022316504,0.019743788,0.02138036,0.032062084,0.02342776,0.01531828,0.014101982,0.01269628,0.016359663,0.016692088
        Bahrain,0,0,0,0.000010236,0.000044356,-0.000638426,0.000592736,0.000609788,0.000438588,-0.000511731,7.52E-05,0.000095826,0.000056575,0.000025084
        Bangladesh,0.01131975,0.012199488,0.012858714,0.013757653,0.007551376,0.009489402,0.00459696,0.008351136,0.009539169,0.00780312,0.010380608,0.00734172,0.007073121,0.010967616
        Barbados,0,0,0,0,0,0,0,0.000019512,0.000029148,0.000028548,0.000038164,0.0000951,0.000130466,0.00027696
        Belarus,0.01985547,0.013977601,0.016688306,0.018632716,0.01842745,0.009279497,0.018155174,0.012766617,0.022888385,0.030449533,0.02691058,0.015925707,0.013488851,0.015755401
        Belgium,0.510965857,0.521657972,0.522355367,0.528240253,0.545925527,0.560579877,0.518584256,0.540739719,0.5680474,0.528824445,0.567178481,0.513457525,0.470043721,0.594571092
        Belize,0.001424493,0.001616528,0.001696565,0.002660644,0.00269508,0.003004202,0.002718272,0.003881496,0.003886892,0.003714436,0.004032807,0.004190066,0.004243538,0.004346508
        Benin,0.00179449,0.001982152,0.002040139,0.002062675,0.002015084,0.00229816,0.002974312,0.003451984,0.003472376,0.00376882,0.003703347,0.003232398,0.003641009,0.003808911
        Bermuda,0,0,0,0,0,0,0,0,0,0,0,0,0,0
        Bhutan,0.019099026,0.017857828,0.020410628,0.035878314,0.045929084,0.047728758,0.049393788,0.052196082,0.049920905,0.047688237,0.05328161,0.051448133,0.053710679,0.053425
        Bolivia,0.020493333,0.021881988,0.020008027,0.021772304,0.023306573,0.023492021,0.023366282,0.022233942,0.023765336,0.023228685,0.025798938,0.02309981,0.024723307,0.018860976
        Bosnia and Herzegovina,0.041875793,0.047140374,0.043196156,0.038025122,0.023955322,0.027997757,0.039702361,0.050636415,0.025764007,0.034485797,0.048886886,0.036985788,0.036594,0.029705358
        Botswana,0.006394088,0.00651692,0.0067387,0.007530284,0.008594828,0.009307936,0.009529716,0.01018482,0.010710268,0.011164064,0.00963751,0.005764828,0.005027454,0.00572674
        Brazil,3.529451283,3.613043903,3.750606764,3.891650017,4.144215569,4.144220524,4.286081734,4.536330413,4.797462995,4.636515007,4.485178681,4.38979155,4.305553153,4.586266482
        British Virgin Islands,0,0,0,0,0,0,0,1.07E-05,1.07E-05,1.05E-05,1.05E-05,0.000010461,1.21E-05,1.20E-05
        Brunei,0,0,0,0,0,0,0,0,0,0.000019032,0.000019082,0.00001902,0.000018638,0.000009232
        Bulgaria,0.195345233,0.186819644,0.211036497,0.220324035,0.171829982,0.175820741,0.177140565,0.185789578,0.171303253,0.187391581,0.193111007,0.20532819,0.209026281,0.212152719
        Burkina Faso,0.001207428,0.001329152,0.001416401,0.001267788,0.001510328,0.001794322,0.0017733,0.002503852,0.00256338,0.002765876,0.002922894,0.002627468,0.00250399,0.003598984
        Burma,0.022559354,0.023880889,0.029698257,0.032727547,0.035501496,0.03981551,0.050801061,0.049374287,0.072369011,0.073227585,0.08342757,0.083317133,0.087112622,0.081719122
        Burundi,0.001189924,0.001116396,0.001192157,0.001168448,0.001409268,0.001353106,0.001485104,0.001757296,0.001649448,0.00173664,0.001763504,0.00173358,0.001697445,0.00177216
        Cabo Verde,0.000050625,0.000060096,0.000059994,0.000069433,0.000069188,0.000059124,0.00006832,0.000039024,0.0002429,0.000675636,0.000791903,0.0008559,0.000792115,0.000766256
        Cambodia,0.000540481,0.000482088,0.000688889,0.000828983,0.000993896,0.00155266,0.003042708,0.005169591,0.006331227,0.012272763,0.017520866,0.023776719,0.024043207,0.029757982
        Cameroon,0.035366625,0.038872096,0.037336266,0.044595824,0.03839934,0.042047018,0.03949872,0.041726412,0.042915572,0.040029924,0.042874523,0.045598934,0.040537352,0.043029788
        Canada,4.268555351,4.413668492,4.589612185,4.563451744,4.600466276,4.69276137,4.572922963,4.498996644,4.730437046,4.682929486,4.939078815,4.953822576,4.82602182,4.866896545
        Cayman Islands,0,0,0,0,0,0,0,0,0,0,0,0,0,0.000036928
        Central African Republic,0.000840375,0.001241984,0.001329867,0.001378741,0.001344224,0.001340144,0.0013176,0.00130828,0.001421451,0.00142169,0.001310933,0.001601484,0.00156932,0.001563901
        Chad,0,0,0,0,0,0,0,0,0,0,9.54E-07,9.51E-07,2.80E-06,8.59E-05
        Chile,0.248072171,0.245579249,0.28846051,0.307063778,0.258585391,0.271792097,0.291153661,0.238337251,0.254918961,0.2410236,0.24879421,0.284924727,0.300661022,0.310842489
        China,2.882353583,3.607036403,4.123112813,4.457170673,4.985812992,6.292353225,7.032450769,8.228293665,8.40562364,10.36688929,11.51837476,13.19468889,14.3630817,15.91730422
        Colombia,0.351907939,0.374286066,0.363650489,0.396017648,0.401685596,0.419392128,0.375455386,0.36287892,0.441386432,0.413794431,0.426374862,0.404822439,0.405077719,0.41292192
        Comoros,0.0000405,0.00005008,0.000049995,0.000049595,0.00004942,0.00004927,0.0000488,0.00004878,0.00004858,0.000028548,0.000019082,0.00001902,0.000018638,0.000018464
        Congo-Brazzaville,0.004657283,0.00465368,0.004935865,0.005052524,0.004813476,0.005143466,0.0046928,0.005114828,0.007700724,0.009383384,0.009298007,0.008947625,0.010070832,0.010308732
        Congo-Kinshasa,0.057211114,0.065425784,0.067505113,0.069380647,0.071997616,0.07098194,0.072698536,0.072945136,0.074700504,0.07360002,0.07989759,0.086878948,0.081092207,0.08204632
        Cook Islands,0,0,1.00E-06,9.92E-07,9.88E-07,9.85E-07,9.76E-07,9.76E-07,9.72E-07,9.52E-07,7.63E-06,0.00001902,0.000037276,0.000055392
        Costa Rica,0.073843649,0.079913969,0.079866611,0.080497589,0.082119554,0.085734617,0.085836478,0.086649872,0.086295193,0.088307428,0.085755535,0.087313103,0.098645685,0.09848293
        Croatia,0.060818185,0.080013702,0.078879452,0.077120287,0.063100927,0.072719377,0.083566607,0.104156021,0.076055186,0.075795196,0.101639265,0.107911893,0.093325604,0.096287801
        Cuba,0.008880681,0.00912081,0.005105031,0.005231221,0.005516228,0.007085106,0.00691284,0.005556992,0.005700353,0.006600847,0.007968788,0.007512545,0.007537968,0.007581476
        Cyprus,0,0,0.000009999,0.000009919,0.000029652,0.00014781,0.00030256,0.000702432,0.001729448,0.002445612,0.003138989,0.00295761,0.003699643,0.003905136
        Czech Republic,0.234775894,0.25091235,0.239861982,0.260487349,0.255069935,0.271715262,0.28662828,0.306020387,0.315968903,0.342344638,0.359201576,0.350120534,0.329133949,0.305657781
        Côte d’Ivoire,0.013839026,0.0136019,0.010559491,0.012308037,0.016088209,0.017636621,0.019649792,0.015141236,0.015679236,0.015483432,0.01304022,0.015713846,0.010587805,0.015618728
        Denmark,0.060327492,0.093316339,0.111986208,0.076902043,0.107486132,0.11400613,0.107693901,0.125310885,0.150450895,0.166511118,0.163408813,0.188125707,0.204168736,0.194416383
        Djibouti,0,0,0,0,0,0,0,0,0,0.000004758,4.77E-06,0.000004755,4.66E-06,0.000004616
        Dominica,0.000293625,0.000340544,0.000271973,0.000269797,0.000210529,0.000200036,0.000238144,0.000238046,0.000353662,0.000260738,0.000356833,0.000298614,0.000236703,0.000345277
        Dominican Republic,0.012541977,0.016729751,0.019131735,0.017650167,0.017197608,0.013948386,0.014586116,0.014299916,0.015284756,0.018196928,0.021095904,0.015740631,0.01240483,0.018268471
        Ecuador,0.075571461,0.078980492,0.07445742,0.082096731,0.100626612,0.113833112,0.095005788,0.08869004,0.11419072,0.118902736,0.109868145,0.11527486,0.127480363,0.149278976
        Egypt,0.121657112,0.118299175,0.118348127,0.121511591,0.14919355,0.141370059,0.125384264,0.133612566,0.135042221,0.137250469,0.140880773,0.144375389,0.145054769,0.144723194
        El Salvador,0.02664445,0.025823896,0.029041304,0.032173412,0.032368222,0.035597804,0.031233766,0.037272012,0.036541951,0.034917526,0.035880719,0.035728268,0.032477443,0.032599264
        Equatorial Guinea,0.000070875,0.000070112,0.000769923,0.000763763,0.000761068,0.000512408,0.00050752,0.000273168,0.000272048,0.00076128,0.002394791,0.00360429,0.003625091,0.00521608
        Eritrea,0.000010125,0.000010016,0.000009999,0.000019838,0.000019768,0.000019708,0.00001952,0.000039024,0.000038864,0.000038064,0.000038164,0.00003804,0.000037276,0.000036928
        Estonia,-0.00596054,-0.005537479,-0.004334821,-0.001292346,-0.006814951,-0.001256923,0.005567721,-0.000912513,-0.000686725,0.006425165,-1.74E-05,0.004541842,0.012094598,0.008310264
        Eswatini,0.00586835,0.00539298,0.006604901,0.006054851,0.006577752,0.006743772,0.006779996,0.006778544,0.007083408,0.007084704,0.006821425,0.00754667,0.007288192,0.0066105
        Ethiopia,0.023338125,0.02549072,0.028577142,0.032544239,0.03355618,0.032775389,0.034769024,0.048393662,0.059910901,0.069887732,0.080368723,0.087464119,0.094390347,0.110622735
        Falkland Islands,0,0,0,0,0,0.000019708,0.00001952,0.00004878,0.000058296,0.000066612,0.000066787,0.00006657,0.000083871,0.000083088
        Faroe Islands,0.000891,0.001011616,0.001079892,0.001140685,0.001176196,0.001064232,0.00103456,0.000790236,0.001039612,0.00104676,0.001059051,0.00148356,0.001751972,0.001449424
        Fiji,0.00443475,0.004717536,0.004410559,0.004494299,0.00596104,0.005952801,0.005378736,0.004715075,0.005140736,0.00561444,0.005600567,0.00460284,0.004454482,0.005114528
        Finland,0.445009297,0.508806472,0.535848394,0.501488366,0.529979897,0.558705473,0.492376594,0.508842975,0.523546275,0.566567909,0.540554848,0.554048227,0.580696632,0.583232125
        Former Czechoslovakia,--,--,--,--,--,--,--,--,--,--,--,--,--,--
        Former Serbia and Montenegro,0.117876003,0.125743236,0.133011463,--,--,--,--,--,--,--,--,--,--,--
        Former U.S.S.R.,--,--,--,--,--,--,--,--,--,--,--,--,--,--
        Former Yugoslavia,--,--,--,--,--,--,--,--,--,--,--,--,--,--
        France,4.787307003,4.857860207,4.850138716,4.876486418,4.822980933,4.926399827,4.669420829,4.961005033,4.886473983,4.919467003,5.001890222,5.03780598,5.018237467,4.815138403
        French Guiana,0.005781375,0.005939488,0.006159384,0.006338241,0.006553092,0.006789406,0.00693936,0.007297488,0.006791484,0.00589992,0.005218927,0.00536364,0.005181364,0.004671392
        French Polynesia,0.00155925,0.001782848,0.001789821,0.0019838,0.002204132,0.002089048,0.00205936,0.002705339,0.002237595,0.002058311,0.001977849,0.001885833,0.001894553,0.002061506
        Gabon,0.00909225,0.008924256,0.008109189,0.009353617,0.0079072,0.008799622,0.00921344,0.008848692,0.008180872,0.008678592,0.009586807,0.008912836,0.009732643,0.00999952
"        Gambia, The",0,0,0.000009999,0.000009919,0.000019768,0.000019708,0.000030256,3.22E-05,3.50E-05,2.95E-05,2.96E-05,0.000029481,2.89E-05,2.86E-05
        Georgia,0.069478271,0.065843035,0.06805184,0.055897755,0.068769263,0.072030254,0.072018643,0.088949238,0.078062858,0.072118808,0.082632772,0.083144501,0.081700196,0.089363819
        Germany,2.265780846,2.358237969,2.313800377,2.428875122,2.348078873,2.449150676,2.306238064,2.500664316,2.37629192,2.38325849,2.415580527,2.504449077,2.587531765,2.483475315
"        Germany, East",--,--,--,--,--,--,--,--,--,--,--,--,--,--
"        Germany, West",--,--,--,--,--,--,--,--,--,--,--,--,--,--
        Ghana,0.040245992,0.053230628,0.056464925,0.054852087,0.037215668,0.05969489,0.064711992,0.064552992,0.070798396,0.074346028,0.076233734,0.077573208,0.052892103,0.052416944
        Gibraltar,0,0,0,0,0,0,0,0,0,0,0,0,0,0
        Greece,0.067856087,0.069934646,0.07756755,0.090256076,0.060315203,0.075704185,0.094477826,0.123127273,0.091116572,0.094798572,0.144067369,0.14673399,0.16926857,0.169424384
        Greenland,0.0018225,0.001923072,0.002029797,0.001944124,0.002016336,0.001990508,0.0025864,0.002858508,0.00325486,0.003254472,0.003568334,0.00372792,0.003904661,0.003665104
        Grenada,0,0,0,0,9.88E-07,9.85E-07,9.76E-07,2.05E-05,3.01E-05,2.95E-05,2.96E-05,0.00014265,0.000018638,0.000027696
        Guadeloupe,0.00216675,0.002343744,0.002179782,0.002221856,0.002243668,0.002079194,0.00213744,0.002126808,0.002263828,0.001941264,0.001927282,0.00207318,0.001947671,0.001818704
        Guam,0,0,0,0,0,0,9.76E-07,1.95E-06,1.94E-06,5.71E-06,0.000019082,0.00002853,0.000288889,0.000609312
        Guatemala,0.041950061,0.040313428,0.04209749,0.04540713,0.046140436,0.046997824,0.041841836,0.055675449,0.058057697,0.061219496,0.065791454,0.068595332,0.060929494,0.065885872
        Guinea,0.0040095,0.005498784,0.004889511,0.004523064,0.005268172,0.005163496,0.005054704,0.004711172,0.004021452,0.00463334,0.004598762,0.00406077,0.008321867,0.010099808
        Guinea-Bissau,0,0,0,0,0,0,0,0,0,0,0,0.000002853,0.000009319,0.000009232
        Guyana,0.000516375,0.000560896,0.000451955,0.000449331,0.000468502,0.000447372,0.00044408,0.000464386,0.000522721,0.000437736,0.000400722,0.00053256,0.000532115,0.000462523
        Haiti,0.0025515,0.002574112,0.002619738,0.002658292,0.001502368,0.001763866,0.0020008,0.00171608,0.001174664,0.002103036,0.001354822,0.00086541,0.000857348,0.00083088
        Hawaiian Trade Zone,--,--,--,--,--,--,--,--,--,--,--,--,--,--
        Honduras,0.018955567,0.015990116,0.01879872,0.021771778,0.02314061,0.024253931,0.028508168,0.032909571,0.03073777,0.032192784,0.031092196,0.031066388,0.035194866,0.040825911
        Hong Kong,0.025211268,0.023031,0.022188236,0.021740947,0.023634572,0.02474003,0.024685344,0.027868932,0.027315816,0.032658972,0.029290823,0.031927604,0.036982836,0.036554912
        Hungary,0.137298164,0.152074382,0.176221958,0.161970571,0.166054706,0.17030462,0.187607283,0.187079981,0.189386929,0.192899608,0.200179482,0.213270618,0.221118728,0.217038349
        Iceland,0.08668961,0.086996961,0.08697728,0.098422003,0.118433078,0.161740852,0.163637225,0.164018018,0.164315354,0.165701501,0.172406933,0.170119827,0.173541738,0.168399762
        India,1.120515885,1.213570292,1.424069131,1.607859463,1.72748783,1.613692188,1.63727729,1.745100687,2.104673661,2.032764425,2.310680368,2.376534206,2.36102889,2.643291466
        Indonesia,0.156717128,0.164365093,0.173799528,0.162108163,0.181658746,0.196311472,0.203004284,0.262792036,0.214579732,0.215547947,0.255227983,0.253343608,0.237308943,0.303691685
        Iran,0.12305638,0.119335345,0.178134489,0.197878279,0.19153065,0.061532611,0.078606605,0.106647377,0.12903077,0.136961313,0.180982626,0.169374221,0.163815133,0.208228791
        Iraq,0.004343625,0.009384824,0.063628352,0.069032621,0.063623988,0.044140176,0.05023922,0.064596912,0.057353904,0.076075608,0.087000679,0.069940502,0.06873523,0.072157988
        Ireland,0.015614418,0.019446549,0.025822992,0.030591129,0.0321222,0.036822868,0.042642586,0.037942408,0.054309578,0.052218754,0.062457204,0.069261763,0.076804318,0.068031438
        Israel,-0.004580265,-0.004587484,-0.005297843,-0.006043753,-0.006863156,-0.012193064,-0.011941356,-0.011873472,-0.011480948,-0.010523064,-0.010503189,-0.007769018,-0.006418898,-0.003571863
        Italy,0.674828697,0.738579867,0.691881182,0.6924306,0.65890903,0.730773769,0.839546153,0.911231092,0.974368553,1.033974295,1.247716616,1.336325144,1.210906868,1.155697006
        Jamaica,0.001488375,0.002013216,0.002359764,0.002539264,0.002441348,0.002542332,0.00315248,0.00321948,0.003682364,0.003968172,0.003644662,0.00379449,0.003932618,0.004929888
        Japan,3.703268171,4.127593072,4.121248819,4.316769036,3.970483271,3.659693593,3.85221791,4.152170947,2.903984914,1.403975318,1.617327055,1.663270439,1.807700227,1.850966003
        Jordan,0.003842767,0.00333286,0.0031819,0.002172093,0.000863159,0.001515426,0.001538366,0.002873881,0.006269489,0.003006258,0.002219774,0.003563753,0.004827217,0.01089598
        Kazakhstan,0.105410037,0.097680288,0.101925296,0.097537284,0.100292608,0.095422897,0.092942991,0.110077498,0.108920824,0.100352254,0.093072912,0.098065802,0.110683992,0.126495565
        Kenya,0.044438113,0.042265718,0.043126524,0.045173907,0.047380944,0.040783171,0.036482624,0.049571382,0.049733519,0.057215947,0.0565992,0.061035583,0.079151308,0.074118984
        Kiribati,0,0,4.00E-06,3.97E-06,3.95E-06,0.000004927,0.00000488,6.83E-06,6.80E-06,7.61E-06,7.63E-06,0.00000951,0.000037276,0.00004616
        Kosovo,--,--,--,--,--,0.002144794,0.002846968,0.003121684,0.002465828,0.001458016,0.000216541,0.003120812,0.00177027,0.000542111
        Kuwait,0,0,3.61E-39,0,-3.40E-39,-4.50E-39,0,0,-3.05E-39,-1.40E-39,1.91E-06,0.00002853,0.000046595,0.000027696
        Kyrgyzstan,0.130166466,0.128474671,0.117470364,0.11399111,0.116544323,0.096155195,0.09463224,0.101461391,0.12688123,0.127902399,0.123506338,0.125929664,0.104266647,0.105509229
        Laos,0.021754464,0.022640988,0.02759009,0.02936208,0.0283958,0.0316583,0.03036632,0.06304766,0.091422132,0.092197262,0.108228956,0.1084317,0.097194652,0.099947984
        Latvia,0.032609802,0.039015574,0.041348888,0.036083787,0.038001069,0.040023799,0.040141716,0.038209529,0.033924804,0.044741225,0.037654149,0.034155106,0.03189828,0.035591025
        Lebanon,0.015473809,0.011844736,0.011911424,0.00999402,0.0090393,0.005550258,0.00995302,0.012355176,0.010609732,0.010599044,0.013802724,0.002337502,0.005387536,0.003780516
        Lesotho,0.003420281,0.003060052,0.004633897,0.005343955,0.005646336,0.005925336,0.006747568,0.007456476,0.00564796,0.005682496,0.005886035,0.005869852,0.005838921,0.005925604
        Liberia,0,0,0,0,0,0,0,0,0,0,0,0,0,0
        Libya,0,0,0.000160364,0.000112596,-0.000092124,-0.000163776,-0.000098948,-0.000221248,-0.000163484,0.000226976,0.000291284,0.000376336,0.000381632,0.001356768
        Lithuania,0.134919304,0.13311204,0.096632055,0.088326291,0.098419661,0.100547447,0.103825687,0.029728928,0.034244262,0.034312175,0.038978962,0.041204015,0.041125304,0.048893439
        Luxembourg,0.014409121,0.013839528,0.013559319,0.014955827,0.016548908,0.017662687,0.014291096,0.016908644,0.018298844,0.017509649,0.020955796,0.020997685,0.02373044,0.026321955
        Macau,0.000610748,0.000515212,0.001163492,0.00329258,0.005742396,0.007885132,0.007598524,0.009509244,0.01079898,0.01315326,0.013849308,0.013985788,0.013832248,0.014692072
        Madagascar,0.0061155,0.006350144,0.006409359,0.006258889,0.007037408,0.006818968,0.00716384,0.00687798,0.006713756,0.007194096,0.007747292,0.00838782,0.007716132,0.008871952
        Malawi,0.011907,0.012980736,0.01349865,0.013717977,0.013956208,0.01547078,0.01497184,0.01736568,0.01782886,0.01817556,0.018146982,0.01902951,0.018693914,0.018805584
        Malaysia,0.057300425,0.05794608,0.043772689,0.055340718,0.055859004,0.071256072,0.078440488,0.0719426,0.085009388,0.09394524,0.112929485,0.134936882,0.138011234,0.190591916
        Maldives,0,0,0,0,0.000019768,0.000019708,0.00001952,2.05E-05,2.14E-05,0.000019032,0.000019082,0.00001902,0.000018638,0.000018464
        Mali,0.00236925,0.002483968,0.004469553,0.004751201,0.004655364,0.005636488,0.00655872,0.007248708,0.0075299,0.007971184,0.01086473,0.011907908,0.012672866,0.013550508
        Malta,0,0,0,0,0,0,0.00000976,0.000019512,0.00009716,0.000275964,0.000343476,0.00073227,0.004550514,0.006453313
        Martinique,0.000151875,0.00015024,0.000169983,0.000317408,0.000336056,0.000325182,0.00032208,0.0002439,0.000155456,0.000199836,0.000171738,0.00023775,0.000270251,0.00027696
        Mauritania,0.000415125,0.000440704,0.000489951,0.000505869,0.000533736,0.00059124,0.0010736,0.001131696,0.00126308,0.001294176,0.001994069,0.00212073,0.00298208,0.003702032
        Mauritius,0.005538375,0.005719136,0.005429457,0.004919824,0.005169332,0.005843422,0.00592432,0.006370668,0.005353516,0.005500248,0.005667354,0.00565845,0.00633692,0.006120816
        Mexico,0.400033152,0.440794979,0.488377347,0.501105634,0.471395877,0.56288051,0.441196588,0.504988422,0.533685908,0.492843628,0.477794646,0.581616584,0.543278821,0.558881085
        Micronesia,0,0,0,0,0,0,0,0,0,0,0,0,0,0
        Moldova,0.015714619,0.013842904,0.014618622,0.015825523,0.013852911,0.014125673,0.008646863,0.009144358,0.005729275,0.005489411,0.00800812,0.005740373,0.002785978,0.002310632
        Mongolia,0.000559568,0.000556156,0.000603564,0.000797696,0.000719066,0.000693904,0.000692892,0.001251556,0.0014525,0.0017481,0.005221502,0.006420722,0.006754411,0.006851192
        Montenegro,--,--,--,0.022839899,0.019587872,0.020009252,0.023348348,0.026572412,0.016911016,0.018047736,0.022474999,0.017380872,0.01553932,0.017885648
        Montserrat,0,0,0,0,0,0,0,0,0,0,0,0,0,0
        Morocco,0.021480304,0.0230976,0.014486249,0.018433317,0.023501988,0.026541689,0.044400732,0.053365808,0.041720072,0.038864472,0.057714638,0.05422858,0.057996938,0.060551176
        Mozambique,0.105044056,0.112202804,0.123513668,0.134738277,0.145488484,0.136204616,0.14691316,0.149230156,0.150808152,0.1382573,0.135551612,0.144301144,0.151399033,0.128376828
        Namibia,0.019684849,0.021150092,0.022113223,0.022294954,0.0222601,0.021709704,0.020646856,0.020196036,0.021717404,0.023433808,0.021636676,0.023549634,0.023067193,0.023140728
        Nauru,0,0,0,0,0,0,0,0,0,0,0,0,0,0
        Nepal,0.022488928,0.024261608,0.025494136,0.027720476,0.028564756,0.028510964,0.032014448,0.033289648,0.036187928,0.036102744,0.0377692,0.040554944,0.038141617,0.046369904
        Netherlands,0.152314024,0.158689943,0.189950381,0.191670201,0.18879484,0.200966249,0.17593424,0.17462921,0.210393974,0.235282933,0.217021744,0.208747683,0.207951879,0.20259371
        Netherlands Antilles,0.00030375,0.00030048,0.00029997,0.00029757,0.00029652,0.00029562,0.0006344,0.000663408,0.000864724,0.002217228,0.002261217,0.00229191,0.00223656,0.00216952
        New Caledonia,0.003290625,0.003335328,0.003559644,0.003124485,0.004210584,0.004759482,0.00421632,0.003053628,0.004051572,0.004301232,0.004789582,0.00325242,0.003746238,0.0025388
        New Zealand,0.271071085,0.304413485,0.274648086,0.277464382,0.281991678,0.27605008,0.302380663,0.315126957,0.323256488,0.297389635,0.301183052,0.321960647,0.323925983,0.333697609
        Nicaragua,0.00701123,0.00705067,0.009066103,0.008154761,0.00800696,0.011841402,0.01042368,0.01306776,0.012534744,0.0165302,0.020969917,0.022788936,0.021530558,0.022951788
        Niger,0.00080182,0.00100654,0.001153256,0.001357976,0.001528576,0.00156952,0.001818596,0.001873188,0.002071084,0.002173444,0.002081952,0.002518564,0.002770693,0.002777964
        Nigeria,0.074656895,0.0804604,0.077022297,0.061626747,0.061063352,0.055941158,0.04389072,0.061726212,0.056751156,0.05367024,0.050719956,0.0507834,0.053220809,0.05156072
        Niue,0,0,0,0,0,0,0,0,0,0,0,0,0,0
        North Korea,0.119925971,0.124574331,0.130728261,0.124429113,0.130162308,0.137456622,0.120903485,0.129513761,0.127094043,0.127320164,0.131426214,0.12254488,0.092434289,0.117172599
        North Macedonia,0.01793378,0.019057193,0.020598472,0.022728654,0.019995856,0.018793096,0.017226982,0.029072176,0.02411406,0.019319725,0.023417053,0.022330737,0.02730598,0.0258576
        Northern Mariana Islands,0,0,0,0,0,0,0,0,0,0,0,0,0,0
        Norway,1.101607541,1.137820995,1.321775564,1.197142255,1.299629856,1.335813342,1.200275819,1.185239535,1.182930288,1.315196293,1.235458963,1.267706194,1.263885582,1.294682314
        Oman,0,0,0,0,0,0,0,0,2.80E-41,0,0,0,0,3.60E-39
        Pakistan,0.303483556,0.290816142,0.345969776,0.355257855,0.322584381,0.309056853,0.314784674,0.35028336,0.332024612,0.35487417,0.372717078,0.383163501,0.398748901,0.399910505
        Palestinian Territories,0.00789878,0.008864376,0.009765144,0.010563552,0.010877456,0.013183968,0.013589996,0.014190508,0.015770264,0.016749508,0.016152408,0.01683822,0.018469156,0.018673876
        Panama,0.027908076,0.037536228,0.036922278,0.035703328,0.036224428,0.039162522,0.037792308,0.040830728,0.039859648,0.05086928,0.049025765,0.049126048,0.061685552,0.065094768
        Papua New Guinea,0.009952875,0.00946512,0.011913809,0.011560595,0.012518086,0.012401259,0.01229272,0.012394998,0.013451802,0.009530274,0.00972705,0.009942705,0.00969176,0.00955512
        Paraguay,0.364782465,0.361385532,0.357077866,0.372198202,0.371760752,0.383097686,0.377348536,0.374174408,0.396926644,0.404812924,0.40989652,0.3804618,0.375294946,0.419064372
        Peru,0.194131458,0.182630004,0.190571073,0.204665371,0.2033052,0.197957576,0.194759507,0.200194358,0.214665185,0.20816468,0.221977833,0.225989419,0.235076196,0.238756271
        Philippines,0.180307269,0.189793891,0.183591393,0.203116818,0.186326946,0.203329067,0.196627,0.173910524,0.192743044,0.196758736,0.189045379,0.187715344,0.19463649,0.202298614
        Poland,-0.155229927,-0.138020803,-0.120757563,-0.163562944,-0.134140239,-0.105429518,-0.055519712,-0.071121129,-0.067016187,-0.023476074,-0.031910237,0.014573409,0.032281098,0.025824536
        Portugal,0.190740847,0.147585937,0.10901781,0.176916858,0.188208359,0.179501612,0.197295813,0.286195077,0.245805266,0.212702741,0.291801018,0.303593818,0.23645252,0.281970211
        Puerto Rico,0.001042875,0.001412256,0.001379862,0.001408498,0.001620976,0.001537224,0.001706048,0.001568765,0.001474889,0.001170468,0.002795513,0.00329046,0.003615772,0.003582016
        Qatar,0,0,0,0,0,0,0,0,0.001127056,0.001103856,0.001135379,0.00116022,0.001136918,0.001135536
        Reunion,0.0081405,0.008723936,0.008449155,0.008510502,0.008935136,0.008957286,0.00830576,0.008868204,0.00806428,0.009249552,0.010075296,0.00892038,0.009682441,0.009232
        Romania,0.209264759,0.256517362,0.267647496,0.240787818,0.253835307,0.297777391,0.286963792,0.344302351,0.300545702,0.287372951,0.330332016,0.379497102,0.368332621,0.375319067
        Russia,2.992835409,3.144494604,3.131610684,3.222534744,3.254972079,3.167202863,3.293744227,3.281188727,3.302005127,3.304228451,3.40247068,3.447985056,3.471685697,3.608768996
        Rwanda,0.001587241,0.001230312,0.00096019,0.000598385,0.000706773,0.000961681,0.00117926,0.001357347,0.001540355,0.001603948,0.001732101,0.002242982,0.003115255,0.003612936
        Saint Helena,0,0,0,0,0,0,0,0,0,0,0,0,0,0
        Saint Kitts and Nevis,0,0,0,0,0,0,0,0.000058536,0.00004858,0.000076128,0.000076328,0.00007608,0.000074552,0.000073856
        Saint Lucia,0,0,0,0,0,0,0,0,0,9.52E-07,9.54E-07,0.000001902,0.000009319,0.000009232
        Saint Pierre and Miquelon,0,0,0,0,0,0,0,0.000019512,0.000019432,0.000019032,0.000019082,0,0,0
        Saint Vincent/Grenadines,0.000212625,0.000270432,0.000259974,0.000228137,0.000217448,0.000226642,0.00022448,0.000253656,0.0002429,0.0002379,0.000229938,0.000233946,0.000242294,0.000249264
        Samoa,0.00054675,0.0005008,0.00049995,0.000505869,0.000515945,0.000524233,0.000528992,0.000519019,0.000536323,0.000352092,0.000305312,0.000287202,0.000290753,0.000288038
        Sao Tome and Principe,0.000070875,0.000060096,0.000039996,0.000079352,0.00009884,0.000078832,0.00006832,0.00004878,0.000058296,0.000057096,0.000057246,0.00005706,0.000074552,0.000064624
        Saudi Arabia,0,0,0,0,0,0,0,0,0,0.000228384,0.000372099,0.00039942,0.001202151,0.001190928
        Senegal,0.00394875,0.00335536,0.003189681,0.002836834,0.002164596,0.00266058,0.0028304,0.003209724,0.003293724,0.003244956,0.003577875,0.00379449,0.003923299,0.004671392
        Serbia,--,--,--,0.134410877,0.124583256,0.121868923,0.115849013,0.136423267,0.100702644,0.093618043,0.093196928,0.117589824,0.104376226,0.111242009
        Seychelles,0,0,0,0,0,0,0,0,0,0,0.000066787,0.00006657,0.000083871,0.000018464
        Sierra Leone,0.000162,0.000160256,0.000179982,0.000039676,0.000177912,0.00093613,0.00084912,0.001199988,0.0014574,0.001103856,0.000992264,0.00116022,0.001202151,0.001209392
        Singapore,0.010371065,0.009847583,0.009252318,0.009660393,0.009717713,0.010507148,0.01054608,0.011807437,0.01189123,0.012020122,0.013111488,0.013826975,0.014503788,0.014668782
        Slovakia,0.236348868,0.233829703,0.233503189,0.247979198,0.232534059,0.237520814,0.211477887,0.230908342,0.226024678,0.227390581,0.226275079,0.237211813,0.237531534,0.238929033
        Slovenia,0.082857554,0.093060852,0.092272629,0.09111485,0.089811086,0.097547555,0.092540827,0.093352365,0.092687073,0.090653856,0.095243841,0.114589396,0.094790488,0.09753188
        Solomon Islands,0,0,0,0.000009919,0.000019768,0.000019708,0.00002928,0.000019512,0.000038864,0.000038064,0.000038164,0.00004755,0.000055914,0.000055392
        Somalia,0.00010125,0,0,0,0,0,0,0,0,0.000038064,0.000038164,0.000038991,4.85E-05,0.000110784
        South Africa,0.148889632,0.156098692,0.139441509,0.130016233,0.138435339,0.140363439,0.133098744,0.155407374,0.148075264,0.130890209,0.141909754,0.178988746,0.165565621,0.229969723
        South Korea,1.290847581,1.296698423,1.414704909,1.449083737,1.415828324,1.489003762,1.453229086,1.482449935,1.550945956,1.494891911,1.403205136,1.570928133,1.663412255,1.678385294
        South Sudan,--,--,--,--,--,--,--,--,--,0.000019032,0.000019082,0.00001902,0.000018638,0.000018464
        Spain,1.155670087,1.117785808,1.010379292,1.064068657,1.067478132,1.138011027,1.209295107,1.505441413,1.36985104,1.361268916,1.571662168,1.576880243,1.442952864,1.537042887
        Sri Lanka,0.03320769,0.029535201,0.034364631,0.038366692,0.038814468,0.04054921,0.03814208,0.055423836,0.045801224,0.032773104,0.06802733,0.04599987,0.05898927,0.042642608
        Sudan,0.012970125,0.012379776,0.013918608,0.014838824,0.01566614,0.015736838,0.03267648,0.061228656,0.063416332,0.063611712,0.079989196,0.085169604,0.078887968,0.074832404
        Suriname,0.007614,0.007652224,0.008209179,0.008550178,0.008520008,0.008504002,0.00842288,0.011689639,0.011381322,0.010590356,0.010533264,0.01116474,0.010400004,0.00978592
        Sweden,1.29377132,1.448358796,1.500155204,1.390793247,1.426901892,1.424052312,1.296867002,1.386599351,1.392662582,1.496018238,1.405643541,1.397648132,1.433261597,1.407837032
        Switzerland,0.626790239,0.616012622,0.579818995,0.608163991,0.633791032,0.642272746,0.632081308,0.635853087,0.611756292,0.637620361,0.644081951,0.649265444,0.615130853,0.57975741
        Syria,0.027226043,0.039878137,0.040942405,0.03655314,0.035839411,0.028211133,0.018161074,0.02419786,0.031964061,0.035075605,0.026893934,0.021902479,0.003291244,0.008701053
        Taiwan,0.43962267,0.44541755,0.454216944,0.460930833,0.479608987,0.480153449,0.473700949,0.485855453,0.493262402,0.490157498,0.504665548,0.504055741,0.451378462,0.423550142
        Tajikistan,0.163803113,0.163247371,0.168837781,0.166098261,0.167842901,0.16698756,0.15382825,0.158906555,0.15574435,0.156961873,0.158033675,0.146259102,0.152304055,0.147572102
        Tanzania,0.025880051,0.02375289,0.017861427,0.014689941,0.025124057,0.02602439,0.025733999,0.02652659,0.019688065,0.017118914,0.016754959,0.02494235,0.020105266,0.022469308
        Thailand,0.094102913,0.084881901,0.087581261,0.110849727,0.110336622,0.102844027,0.106216465,0.109034897,0.155057483,0.160162605,0.171103001,0.173869326,0.18051906,0.328750315
        The Bahamas,0,0,0,0,0,0,0,0.000004878,5.83E-06,8.56E-06,8.59E-06,0.00001902,0.000018638,0.000018464
        Timor-Leste,0,0,0,0,0,0,0,0,0,0,0,0,0,0
        Togo,0.002408867,0.00248978,0.002493457,0.002645527,0.002742168,0.00317896,0.00357658,0.003348375,0.003985026,0.004163757,0.004197578,0.004866886,0.004869157,0.00590246
        Tonga,0,0,0,0,0,0,0,0,0,0,0,0,0,0
        Trinidad and Tobago,0.0001215,0.000230368,0.000239976,0.000287651,0.000217448,0.000226642,0.00022448,0.000039024,0.000038864,0.000038064,0.000038164,0.00003804,0.000037276,0.000036928
        Tunisia,0.003495468,0.002492765,0.002167638,0.001395057,0.000915426,0.000745032,0.001943398,0.002006329,0.001564275,0.002860062,0.004002554,0.005437862,0.005160463,0.00543615
        Turkey,0.373884822,0.468724992,0.40318466,0.446842611,0.36653253,0.342195453,0.375418475,0.542129545,0.564762938,0.629481173,0.685065302,0.519198506,0.795651659,0.858113864
        Turkmenistan,-0.003603405,-0.003972228,-0.004269123,-0.004542323,-0.004951868,-0.00500655,-0.005320736,-0.008193652,-0.008671452,-0.009252092,-0.009695577,-0.01092399,-0.010893855,-0.010890704
        Turks and Caicos Islands,0,0,0,0,0,0,0,0,0,0,0,0,0,0
        Tuvalu,0,0,0,0,0,0,0,0,0,0,0,0,0,0
        U.S. Pacific Islands,0,0,0,0,0,0,0,0,0,0,0,0,0,0
        U.S. Territories,0,0,0,0,0,0,0,0,0,0,0,0,0,0
        U.S. Virgin Islands,0,0,0,0,0,0,0,0,0.000009716,0.000009516,0.000038164,0.00014265,0.000270251,0.000267728
        Uganda,0.017433971,0.018722444,0.01876163,0.01206087,0.014363808,0.017241444,0.015148236,0.014584364,0.016812448,0.025413792,0.032963903,0.033433746,0.032134449,0.032488992
        Ukraine,0.896063113,0.942723734,0.997723215,1.040830116,1.064717715,1.023137145,0.929736003,1.004660392,0.97413483,0.949644484,0.92652252,0.988974654,1.011327648,0.940722283
        United Arab Emirates,0,1.06E-39,0,3.49E-39,0,0,0.0000976,0.00019512,0.0003747,0.000217052,0.000910003,0.002843054,0.002781796,0.005517836
        United Kingdom,1.126594277,0.992544278,1.016777803,0.963072324,0.814295688,0.755148534,0.886271281,0.820889316,0.968937971,1.034461279,1.190101484,1.267053677,1.488770101,1.496484391
        United States,13.73467074,14.16900551,14.16710827,14.47671785,14.48409123,14.89350387,15.07832277,15.66029928,16.40482302,15.86757397,16.57261438,16.91791743,16.89499781,17.51477126
        Uruguay,0.08352636,0.055470017,0.069144979,0.045468452,0.079655173,0.055391149,0.063087831,0.092047224,0.073312414,0.063978142,0.088442576,0.107035592,0.108134759,0.114833816
        Uzbekistan,0.076099804,0.089093644,0.088091378,0.045863087,0.048915824,0.044122522,0.062482728,0.075132532,0.052352128,0.060386336,0.050887725,0.054554212,0.06083152,0.061910736
        Vanuatu,0,0,0,0,0,0,0,0.00004878,4.96E-05,7.80E-05,8.78E-05,0.000097002,0.000121147,0.00009232
        Venezuela,0.606879564,0.694801153,0.763963101,0.800670467,0.812553566,0.846499774,0.830194004,0.742856588,0.80660178,0.775982773,0.79308568,0.603524623,0.688902151,0.572724462
        Vietnam,0.191512513,0.177024171,0.212710964,0.207755293,0.233355206,0.268451575,0.306105519,0.284108635,0.409778023,0.504794787,0.503630817,0.573771466,0.537202131,0.61082625
        Wake Island,0,0,0,0,0,0,0,0,0,0,0,0,0,0
        Western Sahara,0,0,0,0,0,0,0,0,0,0,0,0,0,0
        Yemen,0,0,0,0,0,0,0,0.000019512,0.000019432,0.000028548,0.000047705,0.0000951,0.001081004,0.00143096
        Zambia,0.081952189,0.084861488,0.08908863,0.094105967,0.09416468,0.093821618,0.094043332,0.099505352,0.11139352,0.114221132,0.122657277,0.128670644,0.119663804,0.106261164
        Zimbabwe,0.059565218,0.059272729,0.05529331,0.062879918,0.060089685,0.057708724,0.054348202,0.055831638,0.048768864,0.050187342,0.048011757,0.049817875,0.044671411,0.034028921
